case_id,dice,hd95_mm,asd_mm,boundary_iou
case003,0.750826,6.128825,1.230397,0.401016
case006,0.676770,20.440072,3.727954,0.338425
case010,0.000000,inf,inf,0.000000
case011,0.726411,30.853280,3.825686,0.382976
case036,0.632188,32.655503,4.548336,0.308697
case037,0.633059,32.015621,5.237342,0.326393
case039,0.732751,12.000000,1.784127,0.425202
case040,0.374045,34.129165,8.411133,0.155273
MEAN,0.565756,24.031781,4.109282,0.292248
3d