case_id,dice,hd95_mm,asd_mm,boundary_iou
case003,0.8529704944179362,3.25,0.7272228766661581,0.505229180116204
case006,0.8551968396677189,3.25,0.8543646949427726,0.5126481514240226
case010,0.6804098410947418,9.5,2.218025223442388,0.4540013012361744
case011,0.5661215674177316,25.465663156493687,4.431884960852726,0.3237471180681956
case036,0.5537117903933378,29.09118044266792,5.691070375201094,0.2891629493571241
case037,0.6741875736658746,44.947329172108915,6.04678970768881,0.3754402082376359
case039,0.6615154974100785,10.957303500405564,2.2473528653872212,0.41743503772003354
case040,0.5476474091727997,57.728350920496595,10.300964794105886,0.27279375914188203
MEAN,0.6739701266550273,23.023728399021586,4.064709437285882,0.39380721316265904
