case_id,dice,hd95_mm,asd_mm,boundary_iou
case003,0.850736831866227,3.5355339059327378,0.7684162089666509,0.502569888429234
case006,0.8371599203717073,6.0,1.1943813832188992,0.4882779558104233
case010,0.6750461666767886,9.017344398435716,2.1819968716946554,0.434248464334963
case011,0.6025840411534857,9.93036819745952,1.9157085470223725,0.36537077033837295
case036,0.5436785590581616,27.974318579725942,5.739569875720975,0.2870795107033639
case037,0.6067231890527988,35.020082883774265,5.506534088555602,0.3385837372105547
case039,0.6385296119812469,11.028372500056388,2.2634045542224346,0.41933333333333334
case040,0.5311401658940937,44.78807473252817,8.233568997626506,0.26637950578100206
MEAN,0.6606998107568137,18.411761899739094,3.475447565878512,0.3877303957426559
