case_id,dice,hd95_mm,asd_mm,boundary_iou
case003,0.8551790434992285,3.25,0.7049083722495908,0.5108030473335831
case006,0.8392723308579142,5.414101956926928,1.1127603770509995,0.4837763203313773
case010,0.7963452223691125,7.9096460097781875,1.8363601216489762,0.4754805322819123
case011,0.7628077527502553,17.537459907295585,2.64914798966021,0.3841141444781485
case036,0.5553381777532452,28.72352036649386,5.498488992521936,0.28933880061506917
case037,0.5805174814926478,40.28956168978541,6.13704862583473,0.30748945147679324
case039,0.6587887740032506,12.370594490092545,2.43776869823748,0.4058042302016724
case040,0.55175388154176,51.43260152860246,9.386852762134591,0.2750236071765817
MEAN,0.7000003330334267,20.86593574362187,3.720416992417314,0.3914787667368922
