case_id,dice,hd95_mm,asd_mm,boundary_iou
case003,0.8382426360460119,5.414101956926928,1.0152018884121297,0.4853166496424923
case006,0.8557792073045197,3.75,0.8372848815572597,0.5163504968383017
case010,0.7374202693126994,9.924716620639604,2.094927663244246,0.4736503856041131
case011,0.7690305112986728,19.75474626513841,2.8032456109874535,0.3915872125630959
case036,0.6542685370744253,32.01883910821912,4.681509290353738,0.3578181818181818
case037,0.6281931596370803,49.45752296677644,6.943902457772568,0.3409192992963018
case039,0.7013278473913397,11.715374513859981,2.3137616599618878,0.4297287777386404
case040,0.5151896962067546,53.608750755298054,9.936526810952042,0.25278148642634624
MEAN,0.712431483033938,23.205506523357318,3.8282950329051655,0.4060190612409342
