case_id,root_dice,root_hd95_mm,root_asd_mm,root_boundary_iou
case003,0.733183,9.424039,1.734303,0.549916
case006,0.674407,25.374918,4.299755,0.498085
case010,0.666847,18.918571,3.222165,0.480006
case011,0.709269,7.905694,2.017280,0.513248
case036,0.558819,21.727001,4.407465,0.359446
case037,0.581471,32.025867,4.650287,0.384240
case039,0.697601,10.594810,1.909620,0.517113
case040,0.383956,34.066330,6.843413,0.226312
MEAN,0.625694,20.004654,3.635536,0.441046
