case_id,root_dice,root_hd95_mm,root_asd_mm,root_boundary_iou,dura_dice,dura_hd95_mm,dura_asd_mm,dura_boundary_iou
case003,0.747682,9.171968,1.564120,0.564719,0.881183,1.767767,0.344824,0.544468
case006,0.715559,19.999372,2.412990,0.543457,0.879335,2.500000,0.443350,0.556009
case010,0.000000,inf,inf,0.000000,0.000000,inf,inf,0.000000
case011,0.728656,22.667433,2.876866,0.533040,0.719067,3.000000,0.678370,0.364557
case036,0.512356,29.712160,6.423025,0.310630,0.000000,inf,inf,0.000000
case037,0.617425,36.361038,5.158287,0.417728,0.000000,inf,inf,0.000000
case039,0.718933,10.310796,1.622762,0.546382,0.000000,inf,inf,0.000000
case040,0.324881,55.947636,13.803260,0.180550,0.000000,inf,inf,0.000000
MEAN,0.545686,26.310057,4.837330,0.387063,0.309948,2.422589,0.488848,0.183129
