case_id,root_dice,root_hd95_mm,root_asd_mm,root_boundary_iou,dura_dice,dura_hd95_mm,dura_asd_mm,dura_boundary_iou
case003,0.746925,5.099020,0.868045,0.406349,0.880159,2.000000,0.391706,0.378621
case006,0.682798,12.727922,2.156555,0.359441,0.888446,1.414214,0.408855,0.381264
case010,0.196476,79.271683,24.664865,0.071525,0.000000,inf,inf,0.000000
case011,0.702948,23.939457,3.107344,0.359561,0.786368,2.828427,0.589675,0.266817
case036,0.578307,20.615528,3.527001,0.253647,0.000000,inf,inf,0.000000
case037,0.631105,28.178005,4.313940,0.314527,0.000000,inf,inf,0.000000
case039,0.663031,10.344080,1.609834,0.351175,0.000000,inf,inf,0.000000
case040,0.448107,35.351803,6.470187,0.185811,0.000000,inf,inf,0.000000
MEAN,0.581212,26.940937,5.839722,0.287754,0.319372,2.080880,0.463412,0.128338
