case_id,root_dice,root_hd95_mm,root_asd_mm,root_boundary_iou,dura_dice,dura_hd95_mm,dura_asd_mm,dura_boundary_iou
case003,0.731969,9.273619,1.882244,0.546522,0.789630,42.965103,6.812464,0.458304
case006,0.638849,24.889978,4.508564,0.459512,0.830714,64.588943,7.720596,0.499321
case010,0.674406,21.154181,3.406342,0.489191,0.789717,4.100305,1.390477,0.516887
case011,0.713984,7.504166,1.390736,0.519904,0.772297,22.474638,2.687056,0.417019
case036,0.538737,39.586296,6.398317,0.339831,0.000000,inf,inf,0.000000
case037,0.556662,26.279745,4.835673,0.361724,0.000000,inf,inf,0.000000
case039,0.672841,17.566990,2.828550,0.485795,0.000000,inf,inf,0.000000
case040,0.371146,32.172737,7.129328,0.220774,0.000000,inf,inf,0.000000
MEAN,0.612324,22.303465,4.047469,0.427906,0.397795,33.532246,4.652648,0.236441
