{
    "foreground_mean": {
        "Dice": 0.5774929971863579,
        "FN": 1362.1875,
        "FP": 431.875,
        "IoU": 0.4687174860631236,
        "TN": 3403498.9375,
        "TP": 2579.0,
        "n_pred": 3010.875,
        "n_ref": 3941.1875
    },
    "mean": {
        "1": {
            "Dice": 0.7136297393855996,
            "FN": 2207.375,
            "FP": 738.75,
            "IoU": 0.5612094084289866,
            "TN": 3401115.75,
            "TP": 3810.125,
            "n_pred": 4548.875,
            "n_ref": 6017.5
        },
        "2": {
            "Dice": 0.4413562549871163,
            "FN": 517.0,
            "FP": 125.0,
            "IoU": 0.3762255636972605,
            "TN": 3405882.125,
            "TP": 1347.875,
            "n_pred": 1472.875,
            "n_ref": 1864.875
        }
    },
    "metric_per_case": [
        {
            "metrics": {
                "1": {
                    "Dice": 0.7870189171559034,
                    "FN": 1257,
                    "FP": 1355,
                    "IoU": 0.6488303307340683,
                    "TN": 3400434,
                    "TP": 4826,
                    "n_pred": 6181,
                    "n_ref": 6083
                },
                "2": {
                    "Dice": 0.9192004845548153,
                    "FN": 331,
                    "FP": 336,
                    "IoU": 0.8504819547186729,
                    "TN": 3403411,
                    "TP": 3794,
                    "n_pred": 4130,
                    "n_ref": 4125
                }
            },
            "prediction_file": "C:\\Users\\orilab\\Desktop\\masumoto\\1030\\pred_out_fold1\\case003.nii.gz",
            "reference_file": "C:\\Users\\orilab\\Desktop\\masumoto\\1030\\nnUNet_raw\\Dataset001_lumber\\labelsTs\\case003.nii.gz"
        },
        {
            "metrics": {
                "1": {
                    "Dice": 0.7698924731182796,
                    "FN": 843,
                    "FP": 655,
                    "IoU": 0.6258741258741258,
                    "TN": 3403868,
                    "TP": 2506,
                    "n_pred": 3161,
                    "n_ref": 3349
                },
                "2": {
                    "Dice": 0.9175443103005394,
                    "FN": 473,
                    "FP": 169,
                    "IoU": 0.8476506881822496,
                    "TN": 3403658,
                    "TP": 3572,
                    "n_pred": 3741,
                    "n_ref": 4045
                }
            },
            "prediction_file": "C:\\Users\\orilab\\Desktop\\masumoto\\1030\\pred_out_fold1\\case006.nii.gz",
            "reference_file": "C:\\Users\\orilab\\Desktop\\masumoto\\1030\\nnUNet_raw\\Dataset001_lumber\\labelsTs\\case006.nii.gz"
        },
        {
            "metrics": {
                "1": {
                    "Dice": 0.8348885632760084,
                    "FN": 1265,
                    "FP": 876,
                    "IoU": 0.7165740005295208,
                    "TN": 3400318,
                    "TP": 5413,
                    "n_pred": 6289,
                    "n_ref": 6678
                },
                "2": {
                    "Dice": 0.5036160420775806,
                    "FN": 2134,
                    "FP": 131,
                    "IoU": 0.3365553602811951,
                    "TN": 3404458,
                    "TP": 1149,
                    "n_pred": 1280,
                    "n_ref": 3283
                }
            },
            "prediction_file": "C:\\Users\\orilab\\Desktop\\masumoto\\1030\\pred_out_fold1\\case010.nii.gz",
            "reference_file": "C:\\Users\\orilab\\Desktop\\masumoto\\1030\\nnUNet_raw\\Dataset001_lumber\\labelsTs\\case010.nii.gz"
        },
        {
            "metrics": {
                "1": {
                    "Dice": 0.7469107551487414,
                    "FN": 2645,
                    "FP": 673,
                    "IoU": 0.5960555149744339,
                    "TN": 3399658,
                    "TP": 4896,
                    "n_pred": 5569,
                    "n_ref": 7541
                },
                "2": {
                    "Dice": 0.7491329479768786,
                    "FN": 1198,
                    "FP": 321,
                    "IoU": 0.5988909426987061,
                    "TN": 3404085,
                    "TP": 2268,
                    "n_pred": 2589,
                    "n_ref": 3466
                }
            },
            "prediction_file": "C:\\Users\\orilab\\Desktop\\masumoto\\1030\\pred_out_fold1\\case011.nii.gz",
            "reference_file": "C:\\Users\\orilab\\Desktop\\masumoto\\1030\\nnUNet_raw\\Dataset001_lumber\\labelsTs\\case011.nii.gz"
        },
        {
            "metrics": {
                "1": {
                    "Dice": 0.6552861619660234,
                    "FN": 3573,
                    "FP": 607,
                    "IoU": 0.48730528639764503,
                    "TN": 3399719,
                    "TP": 3973,
                    "n_pred": 4580,
                    "n_ref": 7546
                },
                "2": {
                    "Dice": 0.0,
                    "FN": 0,
                    "FP": 27,
                    "IoU": 0.0,
                    "TN": 3407845,
                    "TP": 0,
                    "n_pred": 27,
                    "n_ref": 0
                }
            },
            "prediction_file": "C:\\Users\\orilab\\Desktop\\masumoto\\1030\\pred_out_fold1\\case036.nii.gz",
            "reference_file": "C:\\Users\\orilab\\Desktop\\masumoto\\1030\\nnUNet_raw\\Dataset001_lumber\\labelsTs\\case036.nii.gz"
        },
        {
            "metrics": {
                "1": {
                    "Dice": 0.6308103294746216,
                    "FN": 3865,
                    "FP": 281,
                    "IoU": 0.4607180020811655,
                    "TN": 3400184,
                    "TP": 3542,
                    "n_pred": 3823,
                    "n_ref": 7407
                },
                "2": {
                    "Dice": 0.0,
                    "FN": 0,
                    "FP": 7,
                    "IoU": 0.0,
                    "TN": 3407865,
                    "TP": 0,
                    "n_pred": 7,
                    "n_ref": 0
                }
            },
            "prediction_file": "C:\\Users\\orilab\\Desktop\\masumoto\\1030\\pred_out_fold1\\case037.nii.gz",
            "reference_file": "C:\\Users\\orilab\\Desktop\\masumoto\\1030\\nnUNet_raw\\Dataset001_lumber\\labelsTs\\case037.nii.gz"
        },
        {
            "metrics": {
                "1": {
                    "Dice": 0.7152061855670103,
                    "FN": 1657,
                    "FP": 995,
                    "IoU": 0.5566700100300903,
                    "TN": 3401890,
                    "TP": 3330,
                    "n_pred": 4325,
                    "n_ref": 4987
                },
                "2": {
                    "Dice": 0.0,
                    "FN": 0,
                    "FP": 9,
                    "IoU": 0.0,
                    "TN": 3407863,
                    "TP": 0,
                    "n_pred": 9,
                    "n_ref": 0
                }
            },
            "prediction_file": "C:\\Users\\orilab\\Desktop\\masumoto\\1030\\pred_out_fold1\\case039.nii.gz",
            "reference_file": "C:\\Users\\orilab\\Desktop\\masumoto\\1030\\nnUNet_raw\\Dataset001_lumber\\labelsTs\\case039.nii.gz"
        },
        {
            "metrics": {
                "1": {
                    "Dice": 0.5690245293782088,
                    "FN": 2554,
                    "FP": 468,
                    "IoU": 0.3976479968108431,
                    "TN": 3402855,
                    "TP": 1995,
                    "n_pred": 2463,
                    "n_ref": 4549
                },
                "2": {
                    "Dice": NaN,